{
    "loss": 2.5267062187194824,
    "accuracy": 0.8266666531562805
}