{
    "loss": 0.9973291754722595,
    "accuracy": 0.8566552996635437
}