{
    "loss": 8.043120384216309,
    "accuracy": 0.653333306312561
}