{
    "loss": 0.2177623212337494,
    "accuracy": 0.9226393699645996
}